,date,avg_pnl,total_pnl,buy_ratio,avg_price,total_volume_usd,unique_traders,sentiment_score,sentiment_label
0,2023-05-01,0.0,0.0,1.0,1898.1333333333332,477.0,1,63,Greed
1,2023-12-05,0.0,0.0,0.7777777777777778,11038.3,50005.83,1,75,Extreme Greed
2,2023-12-14,-18.675885181818188,-205.43473700000007,0.45454545454545453,8031.868818181818,113203.35,1,72,Greed
3,2023-12-15,-12.316016999999999,-24.632033999999997,1.0,2.982,10609.95,1,70,Greed
4,2023-12-16,0.0,0.0,1.0,0.3847066666666667,15348.77,1,67,Greed
5,2023-12-17,21.78448464285714,304.982785,0.21428571428571427,802.5418592857143,116278.02,1,73,Greed
6,2023-12-18,0.0,0.0,1.0,2178.1000000000004,31164.179999999997,1,65,Greed
7,2023-12-19,66.70257413333334,1000.5386120000001,0.3333333333333333,447.8019113333333,91602.41,1,73,Greed
8,2023-12-20,9.040682333333333,162.732282,0.5555555555555556,6.722871666666666,141636.79,1,74,Greed
9,2023-12-21,10.963498000000001,537.211402,0.4489795918367347,91.84020408163265,125233.97,1,70,Greed
10,2023-12-22,14.1832675,141.832675,0.8,30692.8325,88874.28,1,74,Greed
11,2023-12-23,11.302823384615383,146.936704,0.38461538461538464,3.0702846153846153,78438.25,1,70,Greed
12,2023-12-24,25.862050153846155,1008.619956,0.5384615384615384,13680.54118025641,402954.94,1,71,Greed
13,2023-12-25,-81.69378266666666,-245.081348,0.6666666666666666,2275.4,59948.51,1,73,Greed
14,2023-12-27,-25.174615249999995,-704.8892269999999,0.5357142857142857,0.37319214285714286,171411.06,1,73,Greed
15,2023-12-28,-42.20569026086957,-970.730876,0.43478260869565216,0.4032943478260869,100117.25,1,73,Greed
16,2023-12-29,10.178442859999999,508.92214299999995,0.62,3836.17816,569559.72,1,65,Greed
17,2023-12-30,6.826897076923077,354.998648,0.38461538461538464,13421.615271153847,702550.21,1,68,Greed
18,2024-01-01,-7.196192222222223,-129.53146,0.5555555555555556,10373.330666666667,264239.52999999997,1,65,Greed
19,2024-01-02,46.11641858823529,783.979116,0.5294117647058824,10199.892598764705,121348.74,1,71,Greed
20,2024-01-03,12.925604582089552,866.015507,0.47761194029850745,738.8837898507463,394499.36,1,70,Greed
21,2024-01-04,-13.520728,-67.60364,0.4,2212.62,99792.54000000001,1,68,Greed
22,2024-01-05,2.486993409090909,164.141565,0.4696969696969697,30495.46818181818,1703942.66,1,72,Greed
23,2024-01-06,6.16280290909091,135.58166400000002,0.5,6586.107318181818,298521.4,1,70,Greed
24,2024-01-07,-8.615270463917525,-835.681235,0.5360824742268041,7513.911021649485,1048850.06,1,71,Greed
25,2024-01-08,-2.1083940546875,-269.874439,0.3125,15078.63093734375,1522452.43,1,71,Greed
26,2024-01-09,-11.804998042857143,-826.349863,0.4,14127.109546714286,870051.97,1,76,Extreme Greed
27,2024-01-10,-7.860576901554404,-1517.091342,0.47668393782383417,12914.76879230052,2057479.48,1,73,Greed
28,2024-01-11,-7.813785761904761,-164.08950099999998,0.6190476190476191,12141.70542857143,305314.1,2,76,Extreme Greed
29,2024-01-12,-275.0741462857143,-1925.519024,0.7142857142857143,39774.47142857143,200082.27,1,71,Greed
30,2024-01-15,10.918112857142857,152.85358,0.35714285714285715,16738.085714285717,50636.1,2,52,Neutral
31,2024-01-16,-255.4634953333333,-2299.171458,0.4444444444444444,19105.61008888889,116427.33,2,64,Greed
32,2024-01-17,15.344794547169812,813.2741110000001,0.5849056603773585,20112.302,800831.03,1,60,Greed
33,2024-01-18,1.4985476086956522,68.93319,0.391304347826087,24363.11304347826,424631.52999999997,1,63,Greed
34,2024-01-19,-8.029567395833334,-385.419235,0.6458333333333334,14421.93125,428428.97,2,51,Neutral
35,2024-01-20,-1.3827817924528305,-146.57487000000003,0.5660377358490566,14671.724672933962,1070090.51,1,52,Neutral
36,2024-01-21,24.234649636363642,266.58114600000005,0.2727272727272727,19141.940333454546,103129.74,1,56,Greed
37,2024-01-22,16.18401128235294,1375.640959,0.6,6179.383261176471,337878.99,2,55,Greed
38,2024-01-23,-8.20543844444444,-369.2447299999998,0.7333333333333333,11768.913676111111,414518.93000000005,1,50,Neutral
39,2024-01-24,-41.29932080882353,-2808.353815,0.39705882352941174,16861.48394732353,965084.59,1,48,Neutral
40,2024-01-25,-515.6048975,-3093.6293849999997,0.0,87.95416666666667,66566.13,1,52,Neutral
41,2024-01-26,18.04,90.2,0.8,0.1198688,11773.21,2,49,Neutral
42,2024-01-28,-225.27906545454545,-2478.06972,0.0,16.956,18109.03,1,54,Neutral
43,2024-01-29,6.5751694864864865,486.562542,0.28378378378378377,15636.855511594595,414208.18,2,55,Greed
44,2024-01-30,-3.5439630816326537,-173.65419100000003,0.5714285714285714,27371.991836734695,401011.38,1,61,Greed
45,2024-01-31,-0.93113017112922,-799.840817,0.5471478463329453,28200.90456028405,6305647.13,1,60,Greed
46,2024-02-01,0.0,0.0,1.0,0.07612616666666668,2008.18,1,63,Greed
47,2024-02-02,10.867225547619048,456.423473,0.4523809523809524,15601.771341142858,474278.43,1,63,Greed
48,2024-02-03,3.9876640535714283,223.30918699999998,0.32142857142857145,29939.640223214286,603820.0,1,60,Greed
49,2024-02-04,1.360682714285714,47.62389499999999,0.5428571428571428,12108.636457142857,203187.53,1,60,Greed
50,2024-02-05,-0.4646415833333337,-33.45419400000003,0.4583333333333333,15958.2223625,770198.26,1,60,Greed
51,2024-02-06,-0.19817638511029412,-215.615907,0.47610294117647056,22118.307961134193,8047153.41,1,64,Greed
52,2024-02-07,16.082808,241.24212,0.4666666666666667,3.98582,6758.73,1,62,Greed
53,2024-02-08,77.07560240000001,770.756024,0.2,10.0228845,26051.12,1,66,Greed
54,2024-02-11,28.924799294117648,983.443176,0.6764705882352942,17890.449081970586,212311.82,1,71,Greed
55,2024-02-12,57.11761168749999,913.8817869999998,0.6875,28717.7418125,227247.69999999998,1,70,Greed
56,2024-02-13,39.960277857142856,559.44389,0.0,0.06054285714285714,1999.99,1,79,Extreme Greed
57,2024-02-14,34.509908405405405,3830.599833,0.3063063063063063,5443.060992846847,320839.88,2,74,Greed
58,2024-02-15,29.219010746031746,1840.797677,0.8253968253968254,2750.1658545873015,185188.04,2,72,Greed
59,2024-02-16,30.174554032967034,5491.768834,0.6318681318681318,696.7813038571429,564896.51,2,72,Greed
60,2024-02-17,20.52810425531915,1929.6418,0.5319148936170213,3403.646719574468,406118.07,2,76,Extreme Greed
61,2024-02-18,4.923967319587628,477.6248299999999,0.3917525773195876,3.395497731958763,157048.17,1,72,Greed
62,2024-02-19,42.750183792079206,4317.768563,0.40594059405940597,2068.0068288118814,286377.2,2,75,Extreme Greed
63,2024-02-20,83.68279035897436,3263.628824,0.3333333333333333,2681.8062438974357,119419.72,2,72,Greed
64,2024-02-21,84.49084409090909,1858.7985700000002,0.3181818181818182,27.589205454545457,108047.51999999999,2,78,Extreme Greed
65,2024-02-22,44.25119397727272,3894.1050699999996,0.3977272727272727,1175.5737064772727,373033.87,2,74,Greed
66,2024-02-23,9.91995055944056,1418.55293,0.916083916083916,725.5068307692308,111106.14,1,76,Extreme Greed
67,2024-02-25,-6.1541,-30.7705,0.4,0.5663259999999999,4480.13,1,74,Greed
68,2024-02-26,113.25249487179488,4416.8473,0.6923076923076923,5.614911538461539,192187.14,2,72,Greed
69,2024-02-27,14.103360841269842,888.511733,0.5238095238095238,36.161129396825395,209362.3,2,79,Extreme Greed
70,2024-02-28,55.63882744444444,2503.747235,0.6888888888888889,1.2982939111111111,171107.13,1,82,Extreme Greed
71,2024-02-29,84.60342234482759,9813.996992,0.5172413793103449,11.306912146551724,395666.73,2,80,Extreme Greed
72,2024-03-01,60.176944591240876,8244.241409,0.27007299270072993,2.725657408759124,472974.7,1,80,Extreme Greed
73,2024-03-02,7.448406451612905,230.90060000000005,0.9032258064516129,0.8005309032258064,63197.56,2,80,Extreme Greed
74,2024-03-03,105.83653474683545,8361.086245,0.45569620253164556,3.0333498607594938,390745.68,1,83,Extreme Greed
75,2024-03-04,92.66591914,27799.775742,0.5366666666666666,419.88134141,1577996.87,2,82,Extreme Greed
76,2024-03-05,109.95014467222222,19791.026041,0.3055555555555556,0.3816785944444444,841810.32,1,90,Extreme Greed
77,2024-03-06,83.10762364634145,6814.825139,0.5975609756097561,1.7171503902439025,327218.02,1,75,Extreme Greed
78,2024-03-08,63.7594960597015,4271.886236,0.2835820895522388,2.9131835970149256,183583.18,1,81,Extreme Greed
79,2024-03-09,85.03847541880343,9949.501624,0.7094017094017094,15.9975568974359,658178.75,1,84,Extreme Greed
80,2024-03-10,59.117314285714286,2482.9272,0.9047619047619048,34.630716666666665,219973.85,1,79,Extreme Greed
81,2024-03-11,85.43284511904761,3588.179495,0.2857142857142857,2.647672619047619,176519.44999999998,1,82,Extreme Greed
82,2024-03-12,379.89575,3039.166,0.125,9.235375,103040.85,1,81,Extreme Greed
83,2024-03-13,0.0,0.0,1.0,3979.957142857143,6000.799999999999,1,81,Extreme Greed
84,2024-03-14,192.5481017777778,3465.865832,0.1111111111111111,252.0171572222222,205933.18,2,88,Extreme Greed
85,2024-03-15,100.58892985483871,6236.513651,0.41935483870967744,502.81406972580646,351894.41,3,83,Extreme Greed
86,2024-03-16,28.57248,228.57984,0.625,2750.4022475,37223.66,2,81,Extreme Greed
87,2024-03-17,21.882345869565217,503.293955,0.782608695652174,2191.606,99506.95,3,79,Extreme Greed
88,2024-03-18,76.68198421052631,1456.9577,0.6842105263157895,2238.5484684210523,90458.08,3,77,Extreme Greed
89,2024-03-19,27.86658220833333,668.797973,0.7083333333333334,575.3537,219884.84,3,79,Extreme Greed
90,2024-03-20,93.08890723188406,6423.134599,0.42028985507246375,193.64368536231885,215705.85,2,74,Greed
91,2024-03-21,83.41100267857142,2335.5080749999997,0.9285714285714286,124.34982285714285,117895.57,3,78,Extreme Greed
92,2024-03-24,68.26413036842105,1297.018477,0.7894736842105263,8.960757894736842,92592.20999999999,1,74,Greed
93,2024-03-25,186.13091828571427,1302.916428,0.0,3582.2999999999997,57116.32,1,75,Extreme Greed
94,2024-03-26,27.253445703389833,3215.906593,0.06779661016949153,219.49172627118645,198565.19,2,81,Extreme Greed
95,2024-03-27,3.9581878947368416,150.41114,0.5,13627.738306315789,99864.79,2,83,Extreme Greed
96,2024-03-28,17.527000615384615,227.85100799999998,0.9230769230769231,803.983042,35323.72,2,80,Extreme Greed
97,2024-03-29,58.873160266666666,883.097404,0.6,3541.54,86914.37,1,79,Extreme Greed
98,2024-03-30,24.45722533333333,1100.57514,0.022222222222222223,0.19727666666666666,101103.92,1,75,Extreme Greed
99,2024-03-31,70.21431884615384,912.786145,0.0,3627.730769230769,39912.96,1,75,Extreme Greed
100,2024-04-01,32.57095332467532,2507.963406,0.4155844155844156,1332.2278167402596,339470.47,2,79,Extreme Greed
101,2024-04-02,21.555141756097562,883.760812,0.24390243902439024,3060.7089024390243,239664.50999999998,2,79,Extreme Greed
102,2024-04-03,31.6971,126.7884,0.75,8.3283,16887.57,2,71,Greed
103,2024-04-04,0.0,0.0,0.0,3401.434375,95987.73,1,70,Greed
104,2024-04-05,107.06484306,10706.484306,0.17,330.28005890000003,503791.8,3,79,Extreme Greed
105,2024-04-06,14.770945874999999,236.33513399999998,0.0,3328.08125,68223.67,1,75,Extreme Greed
106,2024-04-07,0.0,0.0,0.0,3398.0043478260873,49988.14,1,78,Extreme Greed
107,2024-04-08,40.614223333333335,1218.4267,0.03333333333333333,3295.5374166666666,211940.64,2,76,Extreme Greed
108,2024-04-09,0.0,0.0,0.0,3501.3000000000006,57063.840000000004,1,80,Extreme Greed
109,2024-04-10,127.01081497560976,5207.443414,0.975609756097561,3433.4707317073166,351735.97,1,78,Extreme Greed
110,2024-04-11,24.35894775,389.743164,0.875,3521.2125,76400.96,1,76,Extreme Greed
111,2024-04-12,-4.594153790697676,-592.6458390000001,0.3333333333333333,555.2924815968992,442088.59,3,79,Extreme Greed
112,2024-04-13,74.3983343258427,6621.451755,0.5168539325842697,658.6612459887641,486411.25,2,72,Greed
113,2024-04-14,-337.4206777570094,-36104.012520000004,0.42990654205607476,1787.6264255140186,659162.17,2,72,Greed
114,2024-04-15,92.05094439024391,3774.08872,0.43902439024390244,230.87443634146342,291111.19,2,74,Greed
115,2024-04-16,52.504302574468085,2467.702221,0.6595744680851063,0.8237938510638297,181907.17,2,65,Greed
116,2024-04-17,174.39059999999998,2441.4683999999997,0.9285714285714286,4.993378571428572,97562.99,1,67,Greed
117,2024-04-19,55.61272748571429,1946.4454620000001,0.14285714285714285,3065.0228571428574,337257.92000000004,1,66,Greed
118,2024-04-20,0.0,0.0,0.9090909090909091,285.09828863636363,60733.24,2,66,Greed
119,2024-04-22,0.0,0.0,0.0,3202.222222222222,47993.61,1,73,Greed
120,2024-04-23,16.962669636363636,1119.536196,0.5606060606060606,2616.430871212121,233054.9,2,71,Greed
121,2024-04-24,13.95929535,279.185907,0.65,3230.17,141275.24,1,72,Greed
122,2024-04-25,0.0,0.0,1.0,251.67034283783786,120241.01,2,72,Greed
123,2024-04-26,0.0,0.0,0.0,0.12152,4988.290000000001,1,70,Greed
124,2024-04-27,158.57363477777778,4281.488139,0.0,3258.651851851852,154264.47,1,67,Greed
125,2024-04-28,0.0,0.0,0.0,451.9867443103448,43985.6,2,65,Greed
126,2024-04-29,11.709640799999999,526.9338359999999,0.5333333333333333,2245.884760888889,108699.01,2,67,Greed
127,2024-04-30,0.0,0.0,1.0,3023.15,125018.75,1,67,Greed
128,2024-05-01,0.0,0.0,1.0,2916.8142857142857,87025.45,1,54,Neutral
129,2024-05-03,147.3893623611111,5306.017045,0.08333333333333333,1960.4601549999998,282682.64999999997,3,48,Neutral
130,2024-05-04,0.0,0.0,0.0,2089.1695403333333,58998.75,2,67,Greed
131,2024-05-05,0.15266666666666667,0.916,0.16666666666666666,2099.545833333333,24068.350000000002,2,69,Greed
132,2024-05-06,107.62115333333333,968.59038,0.8888888888888888,3109.866666666667,206016.43,1,71,Greed
133,2024-05-07,49.08542738888889,883.537693,0.3333333333333333,1715.215231,108717.58,3,68,Greed
134,2024-05-08,0.12044307692307693,1.56576,0.9230769230769231,2312.7117384615385,65973.57,2,64,Greed
135,2024-05-09,40.985566285714285,1147.595856,0.32142857142857145,2667.6832657142854,221966.12,2,55,Greed
136,2024-05-10,95.53371340909092,2101.741695,0.7272727272727273,2946.254545454545,156882.0,1,66,Greed
137,2024-05-11,27.956082444444444,251.604742,0.0,2922.511111111111,63248.95,1,53,Neutral
138,2024-05-12,0.0,0.0,0.7391304347826086,1272.34931,55179.56,2,56,Greed
139,2024-05-13,76.31620925,2136.853859,0.17857142857142858,2635.7705885714286,193118.9,2,57,Greed
140,2024-05-14,50.02275239130436,1150.5233050000002,1.0,2912.1304347826085,145853.4,1,66,Greed
141,2024-05-15,26.360293944444447,948.970582,0.3055555555555556,2930.625,234922.57,1,64,Greed
142,2024-05-16,7.94777037037037,214.5898,0.5185185185185185,2656.364285925926,162620.96,2,70,Greed
143,2024-05-18,140.89578644000002,3522.3946610000003,0.28,3123.796,126303.14,1,73,Greed
144,2024-05-19,0.0,0.0,1.0,3079.425,29998.09,1,72,Greed
145,2024-05-20,-7.4818442,-74.818442,0.7,2156.14175,38124.75,2,70,Greed
146,2024-05-21,58.31518057599999,7289.397571999999,0.232,14134.35288,1100948.59,2,76,Extreme Greed
147,2024-05-22,0.0,0.0,0.0,3733.3333333333335,44995.29,1,76,Extreme Greed
148,2024-05-23,1.2718379353846154,413.347329,0.5815384615384616,1108.603136243077,401850.6,3,76,Extreme Greed
149,2024-05-24,410.974639,821.949278,0.0,3844.4,50811.899999999994,1,74,Greed
150,2024-05-25,0.8828774374999999,14.126038999999999,0.4375,469.7218425,29991.129999999997,2,76,Extreme Greed
151,2024-05-26,48.66774375,778.6839,0.125,496.56757500000003,53976.67,2,75,Extreme Greed
152,2024-05-27,4.499425776892431,1129.35587,0.3705179282868526,33.197340745019915,151115.72,1,74,Greed
153,2024-05-29,1.6938533719512194,277.791953,0.40853658536585363,4235.211447786585,84268.76,2,72,Greed
154,2024-05-30,2.9930618571428576,20.951433,0.7142857142857143,20348.618645714287,2838.09,1,73,Greed
155,2024-05-31,1.9506246153846154,25.35812,0.3076923076923077,2.152072923076923,3636.14,1,73,Greed
156,2024-06-01,3.66041676,91.510419,0.36,1.1308718,12834.62,1,72,Greed
157,2024-06-02,2.074268247311828,192.906947,0.3655913978494624,1.0599227956989248,29464.51,1,73,Greed
158,2024-06-03,8.040117257142859,562.808208,0.6285714285714286,1.3030562857142858,21466.86,1,73,Greed
159,2024-06-04,0.9851214716981133,52.211438,0.4716981132075472,13394.864554716982,24243.41,1,73,Greed
160,2024-06-05,1.038064925925926,56.055506,0.3148148148148148,2682.9926944444446,25350.77,1,75,Extreme Greed
161,2024-06-06,1.1716802863247862,274.173187,0.4358974358974359,30.647596965811967,137557.76,1,78,Extreme Greed
162,2024-06-07,20.23288049090909,8902.467416,0.4113636363636364,1232.3513694545454,1098588.76,3,77,Extreme Greed
163,2024-06-08,4.453063413793104,129.13883900000002,0.7241379310344828,10513.408993103449,97351.88,2,72,Greed
164,2024-06-09,0.0,0.0,1.0,1091.865705882353,22410.22,2,75,Extreme Greed
165,2024-06-10,0.589939716981132,31.266804999999998,0.41509433962264153,280.7776811320755,46587.93,2,72,Greed
166,2024-06-11,35.12708789430894,4320.631811,0.926829268292683,8924.726208861788,373279.92,3,74,Greed
167,2024-06-12,-86.16744682283463,-21886.531493,0.452755905511811,1364.4425952755905,193407.96,2,72,Greed
168,2024-06-13,83.95895082278481,6632.757115,0.9620253164556962,180.8725936708861,132577.22,2,70,Greed
169,2024-06-14,330.9223422258064,10258.592609,1.0,1759.0960645161292,139868.66,2,74,Greed
170,2024-06-15,43.20459417948718,3369.958346,0.11538461538461539,2138.914496153846,718350.25,2,74,Greed
171,2024-06-16,0.0,0.0,0.0,4.114990909090909,25235.079999999998,1,71,Greed
172,2024-06-17,278.9342730263158,10599.502375,0.8421052631578947,1595.9607578947368,368380.12,2,71,Greed
173,2024-06-18,11.3030544,282.57636,0.84,2787.8253600000003,263314.79,2,74,Greed
174,2024-06-19,80.12552367213115,4887.656944,0.04918032786885246,1563.7263098360656,417071.12,3,64,Greed
175,2024-06-20,1473.8065647692308,57478.456026,0.0,374.05558,207990.8,3,60,Greed
176,2024-06-21,9.66947755,773.5582039999999,0.85,877.39821875,176264.49,2,63,Greed
177,2024-06-22,31.536523541666668,756.876565,0.16666666666666666,1765.2402375,169594.27000000002,2,53,Neutral
178,2024-06-23,0.0,0.0,0.0,3.09,1792.12,1,55,Greed
179,2024-06-24,0.0,0.0,0.8064516129032258,2708.8659548387095,403002.8,2,51,Neutral
180,2024-06-25,99.3745531632653,4869.353105,0.22448979591836735,3.248285714285714,103099.08,1,30,Fear
181,2024-06-26,58.30183586111111,4197.732182,0.5694444444444444,1472.1298,365190.66000000003,2,46,Neutral
182,2024-06-27,0.0,0.0,0.4,1362.6499733333333,130486.95,2,40,Fear
183,2024-06-29,82.0043486,6150.326145,0.4666666666666667,767.398007192,280095.11,2,30,Fear
184,2024-06-30,0.0,0.0,0.35714285714285715,724.8069907142857,30520.69,2,47,Neutral
185,2024-07-01,79.1537391875,5065.839308,0.09375,1312.7375605675,362670.14999999997,2,53,Neutral
186,2024-07-02,134.514062,2421.253116,0.7222222222222222,3.4119444444444444,33347.47,1,51,Neutral
187,2024-07-03,62.132626888888886,1118.387284,1.0,2039.0916666666667,179600.66,2,50,Neutral
188,2024-07-04,0.0,0.0,1.0,2795.886,430568.01,2,44,Fear
189,2024-07-05,0.0,0.0,1.0,1837.889625,272289.89,2,29,Fear
190,2024-07-06,4.53634075,108.87217799999999,0.7083333333333334,1.10232597125,2490.17,1,26,Fear
191,2024-07-07,6.1428942,61.428942,0.0,3.9900000000000007,498.75,1,29,Fear
192,2024-07-08,0.0,0.0,1.0,3.19,497.64,1,28,Fear
193,2024-07-09,43.265627466666665,648.984412,0.0,4.546446666666666,2736.45,1,27,Fear
194,2024-07-10,213.88812333928573,11977.734907,0.17857142857142858,2410.4582857142855,687900.21,2,28,Fear
195,2024-07-11,98.77958326315789,1876.812082,0.5263157894736842,3151.1421052631576,169887.02,1,29,Fear
196,2024-07-12,74.33235021052631,1412.314654,1.0,1621.380905263158,89582.97,2,25,Fear
197,2024-07-13,171.38928452941175,2913.617837,0.0,2416.179635294118,139189.19,2,25,Fear
198,2024-07-14,0.0,0.0,0.0,3194.1857142857143,84001.13,1,33,Fear
199,2024-07-15,-0.038461538461538464,-1.0,0.07692307692307693,2752.5296153846157,198344.85,2,52,Neutral
200,2024-07-16,0.0,0.0,0.0,3446.881818181818,144000.57,1,65,Greed
201,2024-07-17,5.297064037037037,1859.269477,0.4415954415954416,92.99230740740741,626005.53,3,69,Greed
202,2024-07-18,63.398071849999994,3803.884311,1.0,2995.8028266666665,649704.85,2,61,Greed
203,2024-07-19,93.73439626086956,2155.891114,0.043478260869565216,8050.626695652173,150269.42,2,60,Greed
204,2024-07-20,8.643494609022557,2299.169566,0.15413533834586465,124.94923650375941,244362.21,2,74,Greed
205,2024-07-21,-6.608743051339286,-2960.716887,0.5334821428571429,27.973419642857145,234307.46,2,74,Greed
206,2024-07-22,9.851427766233765,1517.119876,0.6688311688311688,481.8778051948052,304213.8,2,70,Greed
207,2024-07-23,242.9467627189189,89890.302206,0.37027027027027026,23.578924594594596,358526.54,3,71,Greed
208,2024-07-24,6.9506831,625.561479,0.6,115.88352861011111,69207.93,5,69,Greed
209,2024-07-25,11.753054615384617,916.7382600000001,0.9871794871794872,2688.136446210769,528555.31,3,68,Greed
210,2024-07-26,18.200744164473683,2766.513113,0.28289473684210525,826.2452972302632,548587.65,4,68,Greed
211,2024-07-27,112.2916430877193,6400.623656,0.15789473684210525,2922.802513681579,905199.75,2,72,Greed
212,2024-07-28,36.706189375,587.29903,0.9375,607.7397125,43254.68,2,71,Greed
213,2024-07-29,8.482165487179486,330.80445399999996,0.46153846153846156,48349.08078974359,327199.14,2,74,Greed
214,2024-07-30,0.0,0.0,1.0,3295.4833333333336,36006.47,1,67,Greed
215,2024-07-31,17.806764744186047,765.690884,0.3953488372093023,256.78039232558143,84506.54,2,61,Greed
216,2024-08-01,2.9312283684210527,167.080017,0.8245614035087719,18740.473002526316,227774.53,4,52,Neutral
217,2024-08-02,12.418542714285714,782.3681909999999,0.6666666666666666,14406.321016984128,396320.37,3,57,Greed
218,2024-08-03,12.545667567567568,464.1897,0.972972972972973,2718.8256902127027,290532.86,5,37,Fear
219,2024-08-04,-965.9212667952756,-122672.000883,0.47244094488188976,11138.705859755904,1207744.07,5,34,Fear
220,2024-08-05,-162.6708146125,-13013.665169,0.5125,14847.670722625,420495.4,4,26,Fear
221,2024-08-06,2.4982995140186914,267.318048,0.7102803738317757,1056.048024274299,61478.38,2,17,Extreme Fear
222,2024-08-07,5.720886515151515,188.789255,0.36363636363636365,1.594288883939394,2492.77,3,29,Fear
223,2024-08-08,-4.5235796666666666,-40.712216999999995,0.5555555555555556,520.3884688888888,16299.35,2,20,Extreme Fear
224,2024-08-09,125.56993941666666,18082.071276,0.375,4675.996384345139,503204.86,5,48,Neutral
225,2024-08-10,0.0,0.0,0.9886363636363636,1.8675185526136362,11339.29,2,40,Fear
226,2024-08-11,35.32402583333334,847.7766200000001,0.6666666666666666,892.9076233333334,44230.21,2,39,Fear
227,2024-08-12,17.88896875,858.6705000000001,0.8125,855.5521279583332,54167.32,3,25,Fear
228,2024-08-13,9.220913913043479,212.08102,0.8695652173913043,458.5604338260869,20797.87,3,31,Fear
229,2024-08-14,86.75606052,2168.9015130000003,0.76,971.82196148,66710.03,3,30,Fear
230,2024-08-15,0.0,0.0,1.0,0.032253416666666666,1522.3700000000001,1,29,Fear
231,2024-08-16,23.578015542857145,825.230544,0.9142857142857143,13243.149667228572,166382.84,2,27,Fear
232,2024-08-17,-9.609437100000001,-288.283113,0.9666666666666667,0.17191166666666666,30248.96,2,25,Fear
233,2024-08-18,20.480125866666665,307.201888,0.0,2467.2810786666664,62804.48,2,31,Fear
234,2024-08-19,42.462447874999995,339.69958299999996,0.375,58542.625,100315.03,1,28,Fear
235,2024-08-20,16.050237,192.602844,0.4166666666666667,1739.2645333333332,49914.8,2,30,Fear
236,2024-08-21,4.525523620689655,656.200925,0.38620689655172413,141.46601248275863,104990.41,2,26,Fear
237,2024-08-23,100.53052699999999,1005.30527,0.0,2683.83,63509.56,1,34,Fear
238,2024-08-24,0.0,0.0,0.0,46230.142857142855,34999.67,2,56,Greed
239,2024-08-25,0.0,0.0,0.47058823529411764,19585.087261176468,21950.28,2,54,Neutral
240,2024-08-26,38.539486333333336,231.236918,1.0,2263.875,92611.27,2,55,Greed
241,2024-08-27,0.0,0.0,0.98,372.7858502784,70250.16,2,48,Neutral
242,2024-08-28,148.15107166666667,1333.359645,1.0,15309.777777777777,71160.06999999999,2,30,Fear
243,2024-08-29,0.0,0.0,0.0,60802.0,9995.85,1,29,Fear
244,2024-08-30,42.744,256.464,0.6666666666666666,11097.769382833334,37233.24,4,34,Fear
245,2024-08-31,0.3200823823529412,10.882801,0.3235294117647059,11030.937086423235,107507.43000000001,3,29,Fear
246,2024-09-01,11.452757750000002,137.433093,0.5833333333333334,44.57331249999999,12359.68,1,26,Fear
247,2024-09-02,0.0,0.0,1.0,2426.1,30000.42,1,26,Fear
248,2024-09-04,31.346621529411763,1065.785132,0.9117647058823529,5402.028013264706,131480.97,2,27,Fear
249,2024-09-05,0.0,0.0,0.0,7.79e-05,0.84,1,29,Fear
250,2024-09-06,-26.306113452380952,-1104.856765,0.09523809523809523,215.73034285714286,39047.1,2,22,Extreme Fear
251,2024-09-08,0.0,0.0,0.0,0.11756,0.11,1,29,Fear
252,2024-09-09,0.0,0.0,1.0,0.0115,4014.4300000000003,1,26,Fear
253,2024-09-10,-73.24321966666666,-219.729659,0.3333333333333333,1557.6705000000002,2547.28,2,33,Fear
254,2024-09-11,0.0,0.0,0.0,1.5e-05,0.54,1,37,Fear
255,2024-09-14,0.0,0.0,0.9090909090909091,0.010652363636363637,1014.8000000000001,2,50,Neutral
256,2024-09-18,-6.059895131034483,-878.684794,0.07586206896551724,3.120756620689655,13633.5,1,45,Neutral
257,2024-09-19,0.0,0.0,1.0,0.9843423684210526,1521.8700000000001,1,49,Neutral
258,2024-09-20,599.0646425,9585.03428,0.1875,17153.90225,332873.38,2,54,Neutral
259,2024-09-21,1572.416057826087,36165.56933,0.0,4.30038695652174,165648.12,1,54,Neutral
260,2024-09-22,0.0,0.0,1.0,62701.0,19999.739999999998,1,52,Neutral
261,2024-09-23,167.380398,334.760796,0.5,63672.0,40334.29,1,50,Neutral
262,2024-09-24,0.0,0.0,0.9,0.4286068,7118.63,2,54,Neutral
263,2024-09-25,0.0,0.0,0.6666666666666666,42295.14844444444,52754.130000000005,2,59,Greed
264,2024-09-26,54.976564125,439.812513,0.0,24173.9921375,113711.93000000001,2,50,Neutral
265,2024-09-27,0.0,0.0,0.0,11807.956114285715,126097.04,2,61,Greed
266,2024-09-28,0.0,0.0,0.0,4.101,29199.21,1,64,Greed
267,2024-09-30,25.571946113207545,2710.626288,0.09433962264150944,6063.712550943396,214669.85,2,61,Greed
268,2024-10-01,0.0,0.0,1.0,62044.5,139954.32,1,50,Neutral
269,2024-10-02,0.0,0.0,1.0,60911.0,99954.34,1,42,Fear
270,2024-10-03,11.152864666666666,100.375782,0.6666666666666666,26799.238066666665,132935.69,2,37,Fear
271,2024-10-04,0.0,0.0,0.0,0.0011,0.34,1,41,Fear
272,2024-10-05,155.86924032432432,5767.161892,0.24324324324324326,60568.594601856756,605605.74,2,49,Neutral
273,2024-10-06,5.9312308636363635,130.487079,0.2727272727272727,62166.40909090909,300130.56,1,50,Neutral
274,2024-10-07,0.0,0.0,0.0,63684.42857142857,219984.65,1,50,Neutral
275,2024-10-08,149.90407327777777,5396.546638,0.9444444444444444,58825.33341509444,434584.13,2,49,Neutral
276,2024-10-09,28.290194285714286,396.06272,0.7857142857142857,61800.92857142857,220399.93,1,49,Neutral
277,2024-10-10,0.0,0.0,1.0,59323.25,300024.33999999997,1,39,Fear
278,2024-10-11,341.74336450000004,8885.327477,0.0,59195.38462157692,488904.19,2,32,Fear
279,2024-10-12,54.155471,541.55471,0.7,62726.0,159713.4,1,49,Neutral
280,2024-10-13,0.0,0.0,1.0,62778.2,60002.42,1,50,Neutral
281,2024-10-14,382.72391600000003,1913.61958,0.0,64693.8,61916.020000000004,1,48,Neutral
282,2024-10-15,167.17515371428573,1170.2260760000001,0.42857142857142855,66652.28571428571,81173.36,1,65,Greed
283,2024-10-16,19.95280690909091,219.480876,0.7272727272727273,67576.54545454546,80229.17,1,73,Greed
284,2024-10-17,4.0127733333333335,36.11496,0.7777777777777778,67400.11111111111,140531.75,2,71,Greed
285,2024-10-18,55.536523499999994,333.219141,0.16666666666666666,67397.0,120331.43000000001,1,73,Greed
286,2024-10-19,0.0,0.0,1.0,68391.25,99996.86,1,72,Greed
287,2024-10-20,4.05370621875,389.155797,0.07291666666666667,4280.33074875,176447.86000000002,2,73,Greed
288,2024-10-21,14.248066843930635,2464.915564,0.45664739884393063,4316.762150867052,324117.99,2,72,Greed
289,2024-10-22,0.0,0.0,1.0,67047.0,60000.36,1,70,Greed
290,2024-10-23,-2.5827745,-46.489941,0.8333333333333334,30954.322222222225,210006.07,1,71,Greed
291,2024-10-25,441.19540236666666,13235.862071,0.4666666666666667,56633.085333333336,427883.18,2,72,Greed
292,2024-10-27,166.66557699999998,666.6623079999999,0.0,67737.75,90664.41,1,74,Greed
293,2024-10-28,12.867704769230771,167.28016200000002,0.0,52838.49888384615,121495.25,2,72,Greed
294,2024-10-29,15.11643162264151,801.170876,0.05660377358490566,51081.13156396226,613267.8099999999,2,72,Greed
295,2024-10-30,0.36600091999999995,9.150023,0.32,646.6885008,11830.85,1,77,Extreme Greed
296,2024-10-31,25.292579395833332,1214.043811,0.875,42753.894183125,896173.36,3,77,Extreme Greed
297,2024-11-01,45.238075478260875,1040.475736,0.5652173913043478,27379.532136956524,260981.03,2,75,Extreme Greed
298,2024-11-02,0.0,0.0,1.0,68880.0,40000.0,1,72,Greed
299,2024-11-03,0.0,0.0,1.0,45208.04899166667,129055.66,2,74,Greed
300,2024-11-04,77.76140205555555,2799.410474,0.3611111111111111,49681.014294444445,451811.97,2,70,Greed
301,2024-11-05,67.8475928,678.4759280000001,0.5,67511.4,200627.23,1,70,Greed
302,2024-11-06,187.85581533333334,2817.83723,0.4,58370.23423933333,123906.9,2,70,Greed
303,2024-11-07,39.764187044247784,4493.353136,0.4690265486725664,1338.6989985840708,111335.3,3,77,Extreme Greed
304,2024-11-08,-1.6516292564102582,-64.41354100000007,0.5897435897435898,46749.91446666667,270700.44,2,75,Extreme Greed
305,2024-11-09,1.196615581395349,102.90894,0.6162790697674418,8015.27303244186,193384.41,2,75,Extreme Greed
306,2024-11-10,5.728984589595376,991.114334,0.2774566473988439,22619.335545589594,413636.7,3,78,Extreme Greed
307,2024-11-11,18.09552545844504,6749.630996,0.2520107238605898,6882.198738908847,1570572.42,4,76,Extreme Greed
308,2024-11-12,20.435084175438597,3494.399394,0.5730994152046783,33638.82797450292,1226354.52,4,80,Extreme Greed
309,2024-11-13,163.46671404166668,7846.402274,0.3333333333333333,46411.560992520834,515336.37,5,84,Extreme Greed
310,2024-11-14,41.4864475,4563.509225,0.7454545454545455,33402.97117528182,1008361.81,2,88,Extreme Greed
311,2024-11-15,27.790204281879195,4140.740438,0.610738255033557,47181.7405247651,1427858.42,4,80,Extreme Greed
312,2024-11-16,17.640266936305732,2769.521909,0.49044585987261147,8005.464557764331,303296.07,4,86,Extreme Greed
313,2024-11-17,4.224762129186603,882.975285,0.3492822966507177,13599.930072669855,1215987.57,4,90,Extreme Greed
314,2024-11-18,12.921431176300578,4470.815187,0.36127167630057805,13431.133118797688,2084339.58,7,83,Extreme Greed
315,2024-11-19,9.699242593442623,2958.268991,0.5245901639344263,15993.576337872131,628031.15,5,90,Extreme Greed
316,2024-11-20,7.654714358181818,4210.0928969999995,0.44363636363636366,9792.793397765454,1999514.1199999999,5,83,Extreme Greed
317,2024-11-21,3.1634222261682243,1692.430891,0.4392523364485981,7300.062138975701,598300.62,5,82,Extreme Greed
318,2024-11-22,-26.664721085419732,-18105.345617,0.48159057437407954,9893.695111284242,1646713.62,6,94,Extreme Greed
319,2024-11-23,7.993200104683195,2901.531638,0.4132231404958678,4723.455523900826,516245.68,4,93,Extreme Greed
320,2024-11-24,5.497385965116279,945.550386,0.5988372093023255,19953.478843476743,664952.28,3,80,Extreme Greed
321,2024-11-25,21.66172836862745,5523.740734,0.49411764705882355,14680.957598172548,937410.87,2,82,Extreme Greed
322,2024-11-26,3.6251965529801327,1094.809359,0.652317880794702,10192.743361337749,1146902.44,4,79,Extreme Greed
323,2024-11-27,-12.462420812206572,-2654.495633,0.3380281690140845,19940.432149488264,1444242.53,2,75,Extreme Greed
324,2024-11-28,-382.75722766566264,-127075.39958499999,0.6234939759036144,4420.7387338072285,1894225.15,5,77,Extreme Greed
325,2024-11-29,449.98726247328244,176844.994152,0.37659033078880405,1859.8201062210942,794262.91,11,78,Extreme Greed
326,2024-11-30,100.04475474530831,37316.69352,0.2761394101876676,3435.1424477873725,1732193.7,8,84,Extreme Greed
327,2024-12-01,98.28453003365385,40886.364494,0.34615384615384615,6389.235122030456,814711.82,9,81,Extreme Greed
328,2024-12-02,68.48001597407408,18489.604313,0.5777777777777777,6137.360651434223,585243.56,8,80,Extreme Greed
329,2024-12-03,63.03887509358289,23576.539285,0.45454545454545453,2354.399729529412,1084666.53,8,76,Extreme Greed
330,2024-12-04,918.1561599404388,292891.815021,0.30094043887147337,3922.991142316614,769287.65,7,78,Extreme Greed
331,2024-12-05,156.96078615789474,71574.11848800001,0.42105263157894735,4881.7428253070175,1256750.79,8,84,Extreme Greed
332,2024-12-06,-229.83782604218362,-92624.643895,0.5086848635235732,15604.850347196028,3471019.22,10,72,Greed
333,2024-12-07,282.5864442993421,85906.279067,0.3618421052631579,1359.7200135328949,451733.42,6,75,Extreme Greed
334,2024-12-08,38.014127228571425,15965.933436,0.19523809523809524,1787.932218347619,932939.72,6,79,Extreme Greed
335,2024-12-09,11.708659881261596,6310.967676,0.8441558441558441,3534.2818935269015,983949.68,10,78,Extreme Greed
336,2024-12-10,24.640206911654136,39325.770231,0.33208020050125314,2885.2128903966163,3150424.08,11,78,Extreme Greed
337,2024-12-11,261.30348420720725,319051.554217,0.14004914004914004,4356.6742505249795,2194098.33,12,74,Greed
338,2024-12-12,310.1199767122153,599151.795008,0.2179089026915114,2265.6843708274846,4557189.87,14,83,Extreme Greed
339,2024-12-13,27.22583268968457,31935.901745,0.5763000852514919,4577.503724812446,2880824.64,11,76,Extreme Greed
340,2024-12-14,135.87157833522267,167801.399244,0.4817813765182186,2159.9074581732793,2369561.78,12,83,Extreme Greed
341,2024-12-15,57.4692488385386,97525.315279,0.6664702416028285,1595.8074837011786,2583269.81,15,80,Extreme Greed
342,2024-12-16,158.07994704549765,166774.344133,0.4009478672985782,3014.2459456306633,2740808.97,13,83,Extreme Greed
343,2024-12-17,113.13307839876352,219591.305172,0.43843379701184954,1052.0018582095724,5233597.63,16,87,Extreme Greed
344,2024-12-18,9.575223703988803,13682.994673,0.5003498950314905,5035.001314213366,3798887.07,13,81,Extreme Greed
345,2024-12-19,18.79125621024259,62744.004486000005,0.35968852949985025,2950.7475688442946,8241709.39,13,75,Extreme Greed
346,2024-12-20,102.47976689670418,254969.660039,0.4537781350482315,1281.1534623320258,7681274.71,15,74,Greed
347,2024-12-21,89.24578415050566,150022.163157,0.3545508625817965,3657.2952470862583,4382875.12,8,73,Greed
348,2024-12-22,455.03509557235145,352197.163973,0.5788113695090439,1463.3598931589147,3087320.22,8,73,Greed
349,2024-12-23,-12.53967898466127,-29430.626577,0.4414145717937793,1741.0217452281254,6771878.26,14,70,Greed
350,2024-12-24,43.827751822485205,14813.780116,0.34911242603550297,11362.672453045592,1767036.11,11,73,Greed
351,2024-12-25,3.637774264423076,756.6570469999998,0.41346153846153844,3392.6270428030766,347889.35,6,73,Greed
352,2024-12-26,86.41124780774749,60228.639722,0.5351506456241033,4755.660897423242,2205242.65,7,79,Extreme Greed
353,2024-12-27,10.280042442307693,2672.811035,0.5269230769230769,13201.857670753847,347913.0,7,74,Greed
354,2024-12-28,5.842693310559007,940.673623,0.35403726708074534,4138.285644782609,281555.01,7,72,Greed
355,2024-12-29,14.348596651741294,2884.067927,0.34328358208955223,7062.877761626865,344628.54,7,73,Greed
356,2024-12-30,29.637296503289473,9009.738137,0.6019736842105263,12587.64033930592,1073865.73,9,65,Greed
357,2024-12-31,17.794159509803922,5445.01281,0.46078431372549017,28739.599964186276,877164.62,6,64,Greed
358,2025-01-01,-99.25068067708334,-9528.065345,0.7083333333333334,8822.579264114584,282582.1,6,66,Greed
359,2025-01-02,24.145482235457067,8716.519087,0.296398891966759,10094.891613861495,774674.84,9,70,Greed
360,2025-01-03,11.867099986220472,6028.486793,0.33267716535433073,9803.075828159448,771208.99,9,74,Greed
361,2025-01-04,6.882851665768194,2553.537968,0.20485175202156333,7797.149899172507,1826029.6199999999,9,73,Greed
362,2025-01-05,13.337737920502093,3187.719363,0.2719665271966527,7824.165539405858,451943.57,8,72,Greed
363,2025-01-06,10.583220581151831,6064.185393,0.2582897033158813,7217.135723097731,556526.99,7,76,Extreme Greed
364,2025-01-07,25.271942748822607,16098.227531,0.8822605965463108,9068.043705916796,1313178.1,6,78,Extreme Greed
365,2025-01-08,125.23300342059672,130117.090554,0.7170356111645814,6518.9895779990375,3177275.18,11,70,Greed
366,2025-01-09,89.99220096168582,46975.928902,0.3850574712643678,6362.8980927356315,1020733.25,7,69,Greed
367,2025-01-10,-12.352717401709402,-10116.875552,0.4468864468864469,31588.405895721615,6547449.68,7,50,Neutral
368,2025-01-11,8.017952424028268,2269.080536,0.5865724381625441,30131.135140431095,1658098.71,7,69,Greed
369,2025-01-12,9.538607646179402,5742.241803,0.1345514950166113,12893.280709518272,2258459.17,7,62,Greed
370,2025-01-13,23.66526801960784,9655.429352,0.5882352941176471,29317.207596281864,2936648.0100000002,11,61,Greed
371,2025-01-14,58.43459038181818,16069.512355,0.33454545454545453,21343.217767563634,876581.97,9,63,Greed
372,2025-01-15,55.50407602996255,14819.5883,0.34831460674157305,28411.1857780412,1801599.8900000001,11,70,Greed
373,2025-01-16,56.08546988679245,20807.709328,0.30727762803234504,30076.24313476011,3049692.96,9,75,Extreme Greed
374,2025-01-17,29.43872104201681,7006.415608,0.39915966386554624,8905.736269495797,1110230.46,8,75,Extreme Greed
375,2025-01-18,0.6808495883256523,443.2330819999997,0.5422427035330261,9620.95311349616,2711629.88,12,77,Extreme Greed
376,2025-01-19,56.10963580216975,87923.799302,0.5366943203573707,6104.771320986599,9715215.3,15,77,Extreme Greed
377,2025-01-20,66.37052408593155,87277.239173,0.5741444866920152,16330.118057409887,8287327.01,15,76,Extreme Greed
378,2025-01-21,20.901583813207548,11077.839421,0.27358490566037735,19761.02999872815,1523729.82,8,76,Extreme Greed
379,2025-01-22,24.66875968389423,20524.408057,0.35697115384615385,8344.303495522838,1778406.43,10,84,Extreme Greed
380,2025-01-23,83.13320374384236,101256.24216,0.4605911330049261,6983.956473275615,3697028.66,12,75,Extreme Greed
381,2025-01-24,12.131326931350113,10602.779738,0.4096109839816934,5079.286193251716,1611433.45,11,75,Extreme Greed
382,2025-01-25,-20.450625011857706,-10348.016255999999,0.6225296442687747,3985.267088405138,1239377.7,11,75,Extreme Greed
383,2025-01-26,90.51766445232816,40823.466668,0.3902439024390244,18.065921855875832,1201173.66,7,73,Greed
384,2025-01-27,53.469295461837,41331.765392,0.6597671410090556,11661.276710637774,1508028.31,15,71,Greed
385,2025-01-28,36.103642516064255,17979.613973,0.3152610441767068,6429.960821865462,579412.17,8,72,Greed
386,2025-01-29,25.737375241758244,23421.01147,0.48131868131868133,581.4878012956043,1897513.41,9,72,Greed
387,2025-01-30,21.64711470009372,23097.471385,0.25023430178069356,8261.57404625867,3014397.17,11,70,Greed
388,2025-01-31,35.303441705708664,35868.296773,0.31791338582677164,6716.441229059054,2783411.48,11,76,Extreme Greed
389,2025-02-01,50.946695610410096,32300.205017,0.555205047318612,4211.306208217666,1363746.44,12,68,Greed
390,2025-02-02,123.46835452843062,162854.759623,0.6315390447308568,5409.088864621683,5661092.29,13,60,Greed
391,2025-02-03,146.58459086932774,348871.326269,0.4584033613445378,4859.416197735714,22592901.37,12,44,Fear
392,2025-02-04,165.9541752070064,416876.88812,0.455015923566879,15703.124947818073,15678409.27,13,72,Greed
393,2025-02-05,43.721075992289904,56706.235562,0.5312259059367772,21926.164488164224,8743231.51,11,54,Neutral
394,2025-02-06,19.84955944392249,33803.799733,0.6829125073399882,2869.875065266001,2818508.87,11,49,Neutral
395,2025-02-07,14.730972500656167,22450.002091,0.6279527559055118,23967.33330591798,3460263.54,13,44,Fear
396,2025-02-08,1.0203534834782608,586.703253,0.7843478260869565,17096.856943027826,839734.97,10,44,Fear
397,2025-02-09,197.05736844502616,150551.829492,0.5602094240837696,1661.4545370450262,2920919.7,12,46,Neutral
398,2025-02-10,71.88807047244094,63908.49465,0.4049493813273341,34318.415525228345,3624958.44,14,43,Fear
399,2025-02-11,-7.186067001179245,-6093.784817,0.4268867924528302,19989.86707794811,2797544.17,12,47,Neutral
400,2025-02-12,19.251828353055284,19848.635032,0.3937924345295829,20122.266069995152,4143974.54,12,46,Neutral
401,2025-02-13,20.313528640875912,27829.534238,0.43284671532846714,19088.377477377373,3199852.21,11,50,Neutral
402,2025-02-14,129.22095184773414,213860.675308,0.3214501510574018,20052.512642015045,4007103.42,15,48,Neutral
403,2025-02-15,48.32932082618026,45042.92701,0.6148068669527897,11469.872673227468,1712852.95,12,50,Neutral
404,2025-02-16,3.4794103157121876,2369.478425,0.5066079295154186,3744.413148171806,806177.64,10,54,Neutral
405,2025-02-17,1.9325964877789585,1818.573295,0.6620616365568545,4732.56718405526,2031044.64,9,51,Neutral
406,2025-02-18,54.418062292959426,91204.672403,0.6270883054892601,6687.4516690757755,3371128.68,11,47,Neutral
407,2025-02-19,11.010870463629685,14985.794701,0.6348273328434975,18063.043201803306,3263930.24,10,44,Fear
408,2025-02-20,22.867193887673956,46008.794102,0.39165009940357853,16106.864259217198,4628609.29,11,49,Neutral
409,2025-02-21,63.904695114789114,119693.49395,0.397223705285638,15982.61099378804,3972159.88,14,55,Greed
410,2025-02-22,36.849423,25278.704178,0.5247813411078717,16330.238533271136,3175570.2,10,49,Neutral
411,2025-02-23,20.494104328846156,10656.934251,0.5442307692307692,6653.326019425,1141310.74,12,50,Neutral
412,2025-02-24,6.850102607193732,38470.176242,0.5795940170940171,415.2820556340812,11223619.59,14,49,Neutral
413,2025-02-25,32.782929400256165,204762.177034,0.6781940441882806,1141.5425229423631,19414984.36,18,25,Fear
414,2025-02-26,53.76621014370748,63229.063129,0.32908163265306123,1021.7923438341836,4946958.13,13,21,Extreme Fear
415,2025-02-27,-41.039514064044944,-36525.167517,0.45617977528089887,3783.741142521348,1999898.43,9,10,Extreme Fear
416,2025-02-28,221.4211077016683,225628.108748,0.5201177625122669,2374.567007783121,4123660.77,13,16,Extreme Fear
417,2025-03-01,60.897177977011495,10596.108968,0.603448275862069,3119.315583793103,263824.13,5,20,Extreme Fear
418,2025-03-02,125.77879832330827,66914.320708,0.5150375939849624,9371.077831221804,6460848.74,10,26,Fear
419,2025-03-03,415.9332201302294,616413.032233,0.7213225371120108,3500.2799614203777,8244590.38,14,33,Fear
420,2025-03-04,75.80165136761032,182075.566585,0.7277268942547876,2545.786879941715,11124247.15,16,15,Extreme Fear
421,2025-03-05,162.24600356445782,269328.365917,0.22590361445783133,3657.355850823494,9193654.22,13,20,Extreme Fear
422,2025-03-06,21.18569152763158,16101.125561,0.4881578947368421,5795.717284914474,6765324.96,12,25,Fear
423,2025-03-07,58.86993010462382,150236.061627,0.4807993730407524,4468.829034675548,19854275.48,14,34,Fear
424,2025-03-08,46.69333338185255,24700.773359,0.5444234404536862,3131.854198517958,892083.51,13,28,Fear
425,2025-03-09,13.905384947257385,19773.457395,0.6659634317862166,806.5426083241913,10419697.99,12,27,Fear
426,2025-03-10,-3.438690233596702,-10010.027269999999,0.539333562349708,2998.767983825833,16811790.68,14,20,Extreme Fear
427,2025-03-11,-23.3964482763238,-76880.729036,0.6451612903225806,2341.3900885374314,14016952.09,16,24,Extreme Fear
428,2025-03-12,72.60735489289314,288105.984215,0.41507056451612906,4000.6491172159776,18618139.15,13,34,Fear
429,2025-03-13,14.672422944906446,14114.870873,0.4864864864864865,5443.617843656964,3285591.22,13,45,Neutral
430,2025-03-14,31.061610899999998,68646.160089,0.1343891402714932,4004.7944216610863,8047187.16,10,27,Fear
431,2025-03-15,301.51197154022987,78694.624572,0.5900383141762452,23597.128657252873,2355749.54,8,46,Neutral
432,2025-03-16,-14.926308575471696,-7910.943544999999,0.5735849056603773,50519.7275055283,10187921.51,8,30,Fear
433,2025-03-17,28.439028818478263,26163.906513,0.525,9535.147864272825,3592895.05,11,32,Fear
434,2025-03-18,86.71797221103118,72322.788824,0.4088729016786571,11904.990233124701,4050655.47,13,34,Fear
435,2025-03-19,18.222507655707197,29374.682341,0.34925558312655086,15006.281201493797,4598813.57,12,32,Fear
436,2025-03-20,13.290349463035021,10246.859436,0.3086900129701686,2358.06017454345,1652257.93,13,49,Neutral
437,2025-03-21,9.958840077363897,6951.270374,0.49570200573065903,4097.717261760745,2543903.39,9,31,Fear
438,2025-03-22,23.361748138317758,12498.535254,0.41495327102803736,3803.037827611215,971809.42,8,32,Fear
439,2025-03-23,31.425999071588368,14047.421585,0.6487695749440716,5709.453012297539,2593519.67,10,30,Fear
440,2025-03-24,105.04280555111977,107878.961301,0.2074001947419669,3414.229185942551,3017587.05,13,45,Neutral
441,2025-03-25,40.49419314791403,32030.90678,0.5335018963337548,11769.79868919722,5372519.77,13,46,Neutral
442,2025-03-26,5.094186791424887,15802.167427,0.5074145712443585,1063.4996657601548,7597754.37,17,47,Neutral
443,2025-03-27,74.9367633388535,58825.359221,0.6038216560509554,9118.37818057707,3240279.46,11,40,Fear
444,2025-03-28,29.30931227335165,21337.179335,0.7321428571428571,7612.338172063187,1483092.61,11,44,Fear
445,2025-03-29,6.38800049155227,12098.872931,0.5263991552270327,2414.803543719641,3668151.83,10,26,Fear
446,2025-03-30,27.8083013028169,15795.11514,0.8415492957746479,7603.879054272887,2850874.96,9,32,Fear
447,2025-03-31,14.097342539393939,6978.184557,0.43232323232323233,8426.110126818183,2164772.4699999997,12,34,Fear
448,2025-04-01,-11.472199177083334,-2202.6622420000003,0.4791666666666667,11425.36599246875,704445.1900000001,9,34,Fear
449,2025-04-02,187.930056633829,202212.740938,0.11895910780669144,7414.856134767658,3867930.6,11,44,Fear
450,2025-04-03,-1.353524757437071,-2365.961276,0.5469107551487414,4420.623526697368,8670233.15,17,25,Fear
451,2025-04-04,-20.05949602987421,-25515.678949999998,0.3922955974842767,4732.811766900943,3835545.73,14,28,Fear
452,2025-04-05,99.74260475,35907.33771,0.38333333333333336,10940.511464127778,1267564.22,10,30,Fear
453,2025-04-06,44.89832945801527,47053.449272,0.6469465648854962,4081.8439489007637,3551252.06,14,34,Fear
454,2025-04-07,12.269854408315563,34527.370305,0.5028429282160626,10523.865138202558,14460253.14,18,23,Extreme Fear
455,2025-04-08,37.00890222481442,34899.394798,0.4559915164369035,31685.96511792683,8869391.4,17,24,Extreme Fear
456,2025-04-09,10.86978694151752,43120.444797,0.44466851525081924,13917.529131650617,28556806.47,20,18,Extreme Fear
457,2025-04-10,74.40612236060178,158261.822261,0.5345557122708039,39246.50578036154,28741953.29,19,39,Fear
458,2025-04-11,115.33437872354014,126406.479081,0.2846715328467153,18896.037772089418,11319327.07,16,25,Fear
459,2025-04-12,194.60393292223802,410419.694533,0.3793266951161688,52901.409214082974,55914617.49,20,43,Fear
460,2025-04-13,36.86299888039364,48696.021521,0.5594246782740349,32683.551292376986,14171154.79,17,45,Neutral
461,2025-04-14,51.32634052022472,45680.443063,0.5808988764044943,32893.321598730334,13079972.98,14,31,Fear
462,2025-04-15,63.976751796640144,72357.706282,0.3041556145004421,63863.56281482317,20752168.24,14,38,Fear
463,2025-04-16,36.46251881654229,58631.730257,0.5192786069651741,48069.123414856964,36502715.9,17,29,Fear
464,2025-04-17,5.264713759456837,5427.919886,0.33074684772065954,1747.3123040737148,2604551.51,12,30,Fear
465,2025-04-18,2.576771248152059,4880.4047439999995,0.3986272439281943,15666.24511019377,24610650.46,12,33,Fear
466,2025-04-19,25.82576363783202,71950.577495,0.35857860732232594,16014.825865230438,32706462.71,15,32,Fear
467,2025-04-20,12.643966668012109,25060.341936,0.5443995963673057,7953.09440782997,12126094.05,12,37,Fear
468,2025-04-21,20.005394590803256,34369.267906999994,0.35157159487776485,41859.99143913446,42104054.84,14,39,Fear
469,2025-04-22,19.563963835223483,58652.763578,0.47364909939959976,15070.37095092762,33753625.24,15,47,Neutral
470,2025-04-23,-68.03380836678032,-419020.225731,0.6848514369215781,12725.948066658386,30682443.79,19,72,Greed
471,2025-04-24,22.717023281810036,50704.395965,0.5479390681003584,42081.60551729973,35088918.64,15,63,Greed
472,2025-04-25,12.231614764670297,20218.859206,0.41197822141560797,33876.77419571567,27749455.78,16,60,Greed
473,2025-04-26,-3.6478814694960215,-4125.753942,0.5340406719717065,24357.80254500265,11948127.77,12,65,Greed
474,2025-04-27,8.018004356083086,2702.067468,0.6201780415430267,13133.751885486648,487537.69,9,61,Greed
475,2025-04-28,26.763461754169686,36906.813759,0.47280638143582304,58469.14186169688,26124921.49,8,54,Neutral
476,2025-04-29,56.06313572313866,125749.613427,0.49264378065091396,28548.785993098085,34089511.66,7,60,Greed
477,2025-04-30,12.582028094339623,14003.797269,0.7529200359389039,35649.303644469,12693878.85,8,56,Greed
478,2025-05-01,44.338885607317074,54536.829297000004,0.5577235772357724,12672.104182341463,10720240.52,11,53,Neutral
